વચનામૃત,বচনামৃত
વચનામૃતમાં,বচনামৃতের মধ্যে
વચનામૃતની,বচনামৃতের
શ્રીજી મહારાજ,শ্রীজী মহারাজ
શ્રીજી મહારાજનો,শ্রীজী মহারাজের
મહંત સ્વામી મહારાજ,মহন্ত স্বামী মহারাজ
સાક્ષાત પરબ્રહ્મ,সাক্ষাৎ পরব্রহ্ম
પુરુષોત્તમ નારાયણ,পুরুষোত্তম নারায়ণ
નિષ્કુળાનંદ સ્વામી,নিষ্কুলানন্দ স্বামী
સંત તે સ્વયં હરિ,সন্তই স্বয়ং হরি
ગઢડા,গড়দা
પાંચાળાના,পঞ্চালার
ગઢડા પ્રથમ,গড়দা প্রথম
સત્પુરુષ,সৎপুরুষ
ગુણાતીત,গুণাতীত
હરિ,হরি
સ્વામિનારાયણે,স্বামীনারায়ণ
સ્વામિનારાયણ,স্বামীনারায়ণ
મહારાજ,মহারাজ
મહારાજન,মহারাজের
મહંત સ્વામી,মহন্ত স্বামী
સ્વામી મહારાજ,স্বামী মহারাজ
આશીર્વાદ,আশীর্বাদ
ભજનની,ভজনের
ભજન,ভজন
દ્રષ્ટિ,দৃষ্টি
નિવાસ,নিবাস
નમ્રતા,নম্রতা
નિર્માનીપણું,নির্মানীভাব
જીવનની,জীবনের
કાયદો,নিয়ম
કલ્યાણ,কল্যাণ
શાશ્વત સુખ,শাশ্বত সুখ
સુખનું ધામ,সুখের ধাম
પધરામણી,পধরামণি
ભક્તિનો,ভক্তির
ભક્તિ,ভক্তি
ભાવના,ভাবনা
ધામ,ধাম
પ્રકરણ,প্রকরণ
સારંગપુર,সারঙ্গপুর
દૃષ્ટાંત,দৃষ্টান্ত
ભગવાન,ভগবান
સ્વામી,স্বামী
શ્રી,শ্রী
અક્ષર,অক্ষর
ચરણ,চরণ
દર્શન,দর্শন
પ્રસંગ,প্রসঙ্গ
સ્વયં,স্বয়ং
વચનામૃતે,বচনামৃতে
વચનામૃતનો,বচনামৃতের
ગુણાતીતાનંદ સ્વામી,গুণাতীতানন্দ স্বামী
મુક્તાનંદ સ્વામી,মুক্তানন্দ স্বামী
બ્રહ્માનંદ સ્વામી,ব্রহ্মানন্দ স্বামী
નિત્યાનંદ સ્વામી,নিত্যানন্দ স্বামী
ગોપાળાનંદ સ્વામી,গোপালানন্দ স্বামী
પ્રેમાનંદ સ્વામી,প্রেমানন্দ স্বামী
સહજાનંદ સ્વામી,সহজানন্দ স্বামী
શુકાનંદ સ્વામી,শুকানন্দ স্বামী
શાસ્ત્રીજી મહારાજ,শাস্ত্রীজী মহারাজ
યોગીજી મહારાજ,যোগীজী মহারাজ
પ્રમુખ સ્વામી મહારાજ,প্রমুখ স্বামী মহারাজ
પ્રમુખ સ્વામી,প্রমুখ স্বামী
ભાગતજી મહારાજ,ভাগতজী মহারাজ
ઘનશ્યામ મહારાજ,ঘনশ্যাম মহারাজ
ઘનશ્યામ,ঘনশ্যাম
નીલકણ્ઠ,নীলকণ্ঠ
લોયા,লোয়া
જેતલપુર,জেতলপুর
વડતાલ,বড়তাল
કરિયાણી,করিয়াণী
અમદાવાદ,আমদাবাদ
પાંચાળા,পঞ্চালা
માયા,মায়া
જીવ,জীব
ઈશ્વર,ঈশ্বর
આત્મા,আত্মা
મોક્ષ,মোক্ষ
ઉપાસના,উপাসনা
સત્સંગ,সৎসঙ্গ
સત્સંગી,সৎসঙ্গী
અક્ષરધામ,অক্ষরধাম
મુક્ત,মুক্ত
નિયમ,নিয়ম
સેવા,সেবা
સભા,সভা
